{
    "0": {
        "precision": 0.6861318652510159,
        "recall": 0.9371587145286904,
        "f1-score": 0.7922358015815959,
        "support": 11171
    },
    "1": {
        "precision": 0.6870263040570664,
        "recall": 0.2434439178515008,
        "f1-score": 0.3595007581943311,
        "support": 6330
    },
    "accuracy": 0.6862465001999886,
    "macro avg": {
        "precision": 0.6865790846540412,
        "recall": 0.5903013161900956,
        "f1-score": 0.5758682798879635,
        "support": 17501
    },
    "weighted avg": {
        "precision": 0.6864553780584155,
        "recall": 0.6862465001999886,
        "f1-score": 0.6357182983165605,
        "support": 17501
    },
    "validation_accuracy": 0.6862465001999886
}