{
    "0": {
        "precision": 0.5327820437093916,
        "recall": 0.6642120765832106,
        "f1-score": 0.5912815470337593,
        "support": 1358
    },
    "1": {
        "precision": 0.556420233463035,
        "recall": 0.41966250917094644,
        "f1-score": 0.47846089502300293,
        "support": 1363
    },
    "accuracy": 0.5417126056596839,
    "macro avg": {
        "precision": 0.5446011385862133,
        "recall": 0.5419372928770785,
        "f1-score": 0.5348712210283811,
        "support": 2721
    },
    "weighted avg": {
        "precision": 0.544622856878894,
        "recall": 0.5417126056596839,
        "f1-score": 0.5347675636854826,
        "support": 2721
    },
    "validation_accuracy": 0.5417126056596839
}