{
    "0": {
        "precision": 0.5264127764127764,
        "recall": 0.6310751104565537,
        "f1-score": 0.5740120562625586,
        "support": 1358
    },
    "1": {
        "precision": 0.5416285452881976,
        "recall": 0.4343360234776229,
        "f1-score": 0.4820846905537459,
        "support": 1363
    },
    "accuracy": 0.5325248070562293,
    "macro avg": {
        "precision": 0.5340206608504869,
        "recall": 0.5327055669670884,
        "f1-score": 0.5280483734081522,
        "support": 2721
    },
    "weighted avg": {
        "precision": 0.5340346407924894,
        "recall": 0.5325248070562293,
        "f1-score": 0.5279639123959243,
        "support": 2721
    },
    "validation_accuracy": 0.5325248070562293
}