{
    "0": {
        "precision": 0.48832156436719176,
        "recall": 0.6620029455081001,
        "f1-score": 0.5620506408252579,
        "support": 1358
    },
    "1": {
        "precision": 0.4790011350737798,
        "recall": 0.3093841642228739,
        "f1-score": 0.3759465478841871,
        "support": 1364
    },
    "accuracy": 0.485304922850845,
    "macro avg": {
        "precision": 0.4836613497204858,
        "recall": 0.48569355486548704,
        "f1-score": 0.46899859435472246,
        "support": 2722
    },
    "weighted avg": {
        "precision": 0.483651077388421,
        "recall": 0.485304922850845,
        "f1-score": 0.46879348330445686,
        "support": 2722
    },
    "validation_accuracy": 0.485304922850845
}