{
    "0": {
        "precision": 0.4977116704805492,
        "recall": 0.9609720176730486,
        "f1-score": 0.6557788944723618,
        "support": 1358
    },
    "1": {
        "precision": 0.46464646464646464,
        "recall": 0.03374908290535583,
        "f1-score": 0.06292749658002736,
        "support": 1363
    },
    "accuracy": 0.4965086365306872,
    "macro avg": {
        "precision": 0.4811790675635069,
        "recall": 0.49736055028920223,
        "f1-score": 0.3593531955261946,
        "support": 2721
    },
    "weighted avg": {
        "precision": 0.48114868791830834,
        "recall": 0.4965086365306872,
        "f1-score": 0.3588084956016334,
        "support": 2721
    },
    "validation_accuracy": 0.4965086365306872
}