{
    "0": {
        "precision": 0.501195219123506,
        "recall": 0.9263622974963182,
        "f1-score": 0.6504653567735265,
        "support": 1358
    },
    "1": {
        "precision": 0.5260663507109005,
        "recall": 0.08143800440205429,
        "f1-score": 0.14104193138500634,
        "support": 1363
    },
    "accuracy": 0.5031238515251746,
    "macro avg": {
        "precision": 0.5136307849172033,
        "recall": 0.5039001509491863,
        "f1-score": 0.3957536440792664,
        "support": 2721
    },
    "weighted avg": {
        "precision": 0.5136536360120098,
        "recall": 0.5031238515251746,
        "f1-score": 0.39528559609563124,
        "support": 2721
    },
    "validation_accuracy": 0.5031238515251746
}