{
    "0": {
        "precision": 0.5131375579598145,
        "recall": 0.7334315169366715,
        "f1-score": 0.6038193391936951,
        "support": 1358
    },
    "1": {
        "precision": 0.5358974358974359,
        "recall": 0.3066764490095378,
        "f1-score": 0.3901073261782548,
        "support": 1363
    },
    "accuracy": 0.5196618890113929,
    "macro avg": {
        "precision": 0.5245174969286253,
        "recall": 0.5200539829731047,
        "f1-score": 0.4969633326859749,
        "support": 2721
    },
    "weighted avg": {
        "precision": 0.5245384082460982,
        "recall": 0.5196618890113929,
        "f1-score": 0.4967669783925025,
        "support": 2721
    },
    "validation_accuracy": 0.5196618890113929
}