{
    "0": {
        "precision": 0.5096289337717238,
        "recall": 0.7989690721649485,
        "f1-score": 0.6223114425007169,
        "support": 1358
    },
    "1": {
        "precision": 0.5388513513513513,
        "recall": 0.23404255319148937,
        "f1-score": 0.32634271099744244,
        "support": 1363
    },
    "accuracy": 0.515986769570011,
    "macro avg": {
        "precision": 0.5242401425615375,
        "recall": 0.5165058126782189,
        "f1-score": 0.4743270767490797,
        "support": 2721
    },
    "weighted avg": {
        "precision": 0.5242669915302803,
        "recall": 0.515986769570011,
        "f1-score": 0.47405514663928244,
        "support": 2721
    },
    "validation_accuracy": 0.515986769570011
}