{
    "0": {
        "precision": 0.4947289156626506,
        "recall": 0.96759941089838,
        "f1-score": 0.6547085201793722,
        "support": 1358
    },
    "1": {
        "precision": 0.3230769230769231,
        "recall": 0.015407190022010272,
        "f1-score": 0.02941176470588235,
        "support": 1363
    },
    "accuracy": 0.4906284454244763,
    "macro avg": {
        "precision": 0.40890291936978684,
        "recall": 0.49150330046019514,
        "f1-score": 0.3420601424426273,
        "support": 2721
    },
    "weighted avg": {
        "precision": 0.4087452089760109,
        "recall": 0.4906284454244763,
        "f1-score": 0.3414856323769589,
        "support": 2721
    },
    "validation_accuracy": 0.4906284454244763
}