{
    "0": {
        "precision": 0.5419968304278923,
        "recall": 0.7555228276877761,
        "f1-score": 0.6311904029529375,
        "support": 1358
    },
    "1": {
        "precision": 0.5990338164251208,
        "recall": 0.36390315480557595,
        "f1-score": 0.45276129621177547,
        "support": 1363
    },
    "accuracy": 0.5593531789783168,
    "macro avg": {
        "precision": 0.5705153234265066,
        "recall": 0.5597129912466761,
        "f1-score": 0.5419758495823565,
        "support": 2721
    },
    "weighted avg": {
        "precision": 0.5705677278605356,
        "recall": 0.5593531789783168,
        "f1-score": 0.5418119125125832,
        "support": 2721
    },
    "validation_accuracy": 0.5593531789783168
}