{
    "0": {
        "precision": 0.5026778882938026,
        "recall": 0.96759941089838,
        "f1-score": 0.661631419939577,
        "support": 1358
    },
    "1": {
        "precision": 0.5887850467289719,
        "recall": 0.046221570066030816,
        "f1-score": 0.08571428571428573,
        "support": 1363
    },
    "accuracy": 0.5060639470782801,
    "macro avg": {
        "precision": 0.5457314675113872,
        "recall": 0.5069104904822054,
        "f1-score": 0.37367285282693136,
        "support": 2721
    },
    "weighted avg": {
        "precision": 0.5458105810343891,
        "recall": 0.5060639470782801,
        "f1-score": 0.3731437117627773,
        "support": 2721
    },
    "validation_accuracy": 0.5060639470782801
}