{
    "0": {
        "precision": 0.501151189562548,
        "recall": 0.9617083946980854,
        "f1-score": 0.6589303733602422,
        "support": 1358
    },
    "1": {
        "precision": 0.5478260869565217,
        "recall": 0.046221570066030816,
        "f1-score": 0.08525033829499325,
        "support": 1363
    },
    "accuracy": 0.5031238515251746,
    "macro avg": {
        "precision": 0.5244886382595348,
        "recall": 0.5039649823820581,
        "f1-score": 0.37209035582761774,
        "support": 2721
    },
    "weighted avg": {
        "precision": 0.5245315222152441,
        "recall": 0.5031238515251746,
        "f1-score": 0.3715632701651175,
        "support": 2721
    },
    "validation_accuracy": 0.5031238515251746
}