{
    "0": {
        "precision": 0.5226628895184136,
        "recall": 0.8151693667157585,
        "f1-score": 0.6369390103567318,
        "support": 1358
    },
    "1": {
        "precision": 0.5837479270315091,
        "recall": 0.2582538517975055,
        "f1-score": 0.358087487283825,
        "support": 1363
    },
    "accuracy": 0.5361999264976112,
    "macro avg": {
        "precision": 0.5532054082749613,
        "recall": 0.536711609256632,
        "f1-score": 0.4975132488202784,
        "support": 2721
    },
    "weighted avg": {
        "precision": 0.5532615319771969,
        "recall": 0.5361999264976112,
        "f1-score": 0.4972570456568524,
        "support": 2721
    },
    "validation_accuracy": 0.5361999264976112
}