{
    "0": {
        "precision": 0.5349932705248991,
        "recall": 0.585419734904271,
        "f1-score": 0.559071729957806,
        "support": 1358
    },
    "1": {
        "precision": 0.5441295546558704,
        "recall": 0.4930300807043287,
        "f1-score": 0.5173210161662818,
        "support": 1363
    },
    "accuracy": 0.5391400220507166,
    "macro avg": {
        "precision": 0.5395614125903847,
        "recall": 0.5392249078042999,
        "f1-score": 0.5381963730620438,
        "support": 2721
    },
    "weighted avg": {
        "precision": 0.5395698068242427,
        "recall": 0.5391400220507166,
        "f1-score": 0.5381580133470572,
        "support": 2721
    },
    "validation_accuracy": 0.5391400220507166
}