{
    "0": {
        "precision": 0.5428759894459103,
        "recall": 0.6060382916053019,
        "f1-score": 0.5727209464161448,
        "support": 1358
    },
    "1": {
        "precision": 0.5560165975103735,
        "recall": 0.491562729273661,
        "f1-score": 0.5218068535825544,
        "support": 1363
    },
    "accuracy": 0.5486953325983095,
    "macro avg": {
        "precision": 0.5494462934781419,
        "recall": 0.5488005104394814,
        "f1-score": 0.5472638999993495,
        "support": 2721
    },
    "weighted avg": {
        "precision": 0.5494583668041841,
        "recall": 0.5486953325983095,
        "f1-score": 0.5472171211562463,
        "support": 2721
    },
    "validation_accuracy": 0.5486953325983095
}