{
    "0": {
        "precision": 0.8211046323291221,
        "recall": 0.9076179393071345,
        "f1-score": 0.8621965219609676,
        "support": 11171
    },
    "1": {
        "precision": 0.799728313603726,
        "recall": 0.6510268562401264,
        "f1-score": 0.7177566837934338,
        "support": 6330
    },
    "accuracy": 0.8148105822524427,
    "macro avg": {
        "precision": 0.810416472966424,
        "recall": 0.7793223977736304,
        "f1-score": 0.7899766028772007,
        "support": 17501
    },
    "weighted avg": {
        "precision": 0.8133729542803388,
        "recall": 0.8148105822524427,
        "f1-score": 0.8099535543819442,
        "support": 17501
    },
    "validation_accuracy": 0.8148105822524427
}