{
    "0": {
        "precision": 0.5184321045263649,
        "recall": 0.8181148748159057,
        "f1-score": 0.6346758069123107,
        "support": 1358
    },
    "1": {
        "precision": 0.5726643598615917,
        "recall": 0.24284666177549524,
        "f1-score": 0.34106130860381245,
        "support": 1363
    },
    "accuracy": 0.529952223447262,
    "macro avg": {
        "precision": 0.5455482321939783,
        "recall": 0.5304807682957005,
        "f1-score": 0.4878685577580616,
        "support": 2721
    },
    "weighted avg": {
        "precision": 0.5455980596979614,
        "recall": 0.529952223447262,
        "f1-score": 0.4875987906703103,
        "support": 2721
    },
    "validation_accuracy": 0.529952223447262
}