{
    "0": {
        "precision": 0.5145797598627787,
        "recall": 0.6627393225331369,
        "f1-score": 0.5793369810106211,
        "support": 1358
    },
    "1": {
        "precision": 0.5288065843621399,
        "recall": 0.37710931768158473,
        "f1-score": 0.44025695931477515,
        "support": 1363
    },
    "accuracy": 0.5196618890113929,
    "macro avg": {
        "precision": 0.5216931721124594,
        "recall": 0.5199243201073609,
        "f1-score": 0.5097969701626981,
        "support": 2721
    },
    "weighted avg": {
        "precision": 0.521706243432286,
        "recall": 0.5196618890113929,
        "f1-score": 0.5096691862397876,
        "support": 2721
    },
    "validation_accuracy": 0.5196618890113929
}